BINARY_WEIGHT,KL_LOSS_RATE,bool_layer_2,bool_layer_4,num_embedded,num_units,num_units1,val_loss,val_mean_binary_value,val_mean_abs_diff_cont,val_mean_abs_diff_class,val_mean_kl_loss,val_mean_kl_div,val_loss_sample,val_mean_binary_value_sample,val_mean_abs_diff_cont_sample,val_mean_abs_diff_class_sample,val_mean_kl_div_sample
1.0,1.0,True,True,4.0,64.0,128.0,0.022507602348923683,0.0,0.04558654502034187,0.0015432098880410194,0.0006856453255750239,2.5598599910736084,0.010776721872389317,0.0,0.046141669154167175,0.0015432098880410194,1.1167793273925781
1.0,0.1,False,False,64.0,128.0,512.0,0.02026529051363468,0.0016133558237925172,0.07083243131637573,0.003031618194654584,0.04330755025148392,1.343277096748352,0.02528597041964531,0.15625,0.10972543805837631,0.15731096267700195,2.326080322265625
10.0,1.0,False,True,4.0,256.0,64.0,0.10356517136096954,0.0,0.047468364238739014,0.0015432098880410194,0.0038528498262166977,1.4375081062316895,0.010964172892272472,0.0,0.0473514050245285,0.0015432098880410194,0.9307016134262085
10.0,0.0001,False,True,4.0,256.0,256.0,0.011702710762619972,0.0015432098880410194,0.04637642577290535,0.002959280274808407,2.1975183486938477,1.2353909015655518,0.07059825956821442,0.53125,0.22193580865859985,0.5311535596847534,9.76385498046875
0.1,0.0001,True,False,16.0,128.0,512.0,0.007203416898846626,0.0015432098880410194,0.04044494032859802,0.002959280274808407,3.171919107437134,0.6745207905769348,0.05016040802001953,0.0625,0.17393440008163452,0.06385030597448349,6.64335298538208
1.0,1.0,False,False,2.0,256.0,64.0,0.02302137203514576,0.0,0.04541882127523422,0.0015432098880410194,0.0003444510803092271,2.8730530738830566,0.010874082334339619,0.0,0.04517637565732002,0.0015432098880410194,0.9397151470184326
1.0,1.0,False,True,16.0,64.0,256.0,0.023426305502653122,0.0,0.05472256988286972,0.0015432098880410194,0.0013008551904931664,1.595306158065796,0.011557405814528465,0.0,0.053984761238098145,0.0015432098880410194,0.8467814326286316
0.1,0.0001,True,False,64.0,256.0,128.0,0.008728314191102982,0.0015432098880410194,0.047412216663360596,0.002959280274808407,4.22166633605957,1.2448484897613525,0.3239220678806305,0.09375,0.4482334852218628,0.09500385820865631,55.99127197265625
1.0,1.0,False,True,32.0,256.0,64.0,0.015665482729673386,0.0012275533517822623,0.05430617183446884,0.002665544394403696,0.00133739341981709,1.4813473224639893,0.012650921009480953,0.0,0.055993352085351944,0.0015432098880410194,1.1325205564498901
10.0,1.0,False,True,2.0,256.0,128.0,0.11503837257623672,0.0,0.04112648218870163,0.0015432098880410194,0.00832472275942564,1.2176963090896606,0.009681479074060917,0.0,0.04101353511214256,0.0015432098880410194,0.8243022561073303
0.1,10.0,True,True,16.0,256.0,256.0,0.01271439716219902,0.0,0.04714467376470566,0.0015432098880410194,1.9876502847182564e-05,0.9741243124008179,0.011127562262117863,0.0,0.04622139409184456,0.0015432098880410194,1.0825682878494263
0.1,0.1,False,True,32.0,64.0,512.0,0.013038023374974728,0.0,0.05085207521915436,0.0015432098880410194,0.00153614382725209,1.0823090076446533,0.011748338118195534,0.0,0.05089758709073067,0.0015432098880410194,0.8003475666046143
0.1,0.1,False,False,64.0,512.0,256.0,0.016261624172329903,0.0014379910426214337,0.06662530452013016,0.002862829715013504,0.01993747614324093,1.608788013458252,0.01682351343333721,0.0,0.08090973645448685,0.0015432098880410194,1.7429677248001099
1.0,0.0001,False,False,32.0,256.0,512.0,0.007969209924340248,0.0015432098880410194,0.04156659543514252,0.002959280274808407,3.1691482067108154,0.8331862092018127,0.07505094259977341,0.0625,0.21029452979564667,0.06385030597448349,13.919376373291016
10.0,10.0,False,False,64.0,64.0,512.0,0.04426909238100052,0.0011924803256988525,0.0875219851732254,0.002637047553434968,0.0013113532913848758,2.355280637741089,0.01770954765379429,0.0,0.08431033790111542,0.0015432098880410194,1.936251163482666
0.1,1.0,False,False,16.0,512.0,512.0,0.013150162994861603,0.0,0.051126327365636826,0.0015432098880410194,6.834633677499369e-05,0.9570938348770142,0.011953205801546574,0.0,0.05148877948522568,0.0015432098880410194,0.9835467338562012
1.0,1.0,False,True,4.0,128.0,128.0,0.02273591421544552,0.0,0.0442015677690506,0.0015432098880410194,0.0009901482844725251,1.3470975160598755,0.010763773694634438,0.0,0.044470202177762985,0.0015432098880410194,0.9399610757827759
1.0,10.0,True,False,32.0,128.0,64.0,0.03111652284860611,0.0,0.08609182387590408,0.0015432098880410194,2.9618233384098858e-05,5.1532793045043945,0.01729387417435646,0.0,0.08443139493465424,0.0015432098880410194,1.2344859838485718
1.0,0.0001,False,False,2.0,64.0,128.0,0.014283834025263786,0.0,0.043650344014167786,0.0015432098880410194,2.304697275161743,1.4085432291030884,0.05475786700844765,0.0,0.18113653361797333,0.0015432098880410194,6.472744941711426
0.1,1.0,True,False,32.0,512.0,128.0,0.013946001417934895,0.0,0.06401307880878448,0.0015432098880410194,4.66415258415509e-05,2.1724846363067627,0.012667717412114143,0.0,0.06445881724357605,0.0015432098880410194,1.055646300315857
1.0,1.0,False,True,4.0,128.0,512.0,0.022884197533130646,0.0,0.043378397822380066,0.0015432098880410194,0.0005269523826427758,1.330258846282959,0.011041381396353245,0.0,0.04368763789534569,0.0015432098880410194,1.0312902927398682
1.0,0.1,True,True,2.0,128.0,512.0,0.02189072221517563,0.0,0.043827421963214874,0.0015432098880410194,0.007984854280948639,1.0394312143325806,0.010599296540021896,0.0,0.04327740520238876,0.0015432098880410194,0.975786030292511
10.0,10.0,True,True,2.0,128.0,256.0,0.12457863986492157,0.0,0.044378094375133514,0.0015432098880410194,0.0012192137073725462,1.5354000329971313,0.011042963713407516,0.0,0.04500974714756012,0.0015432098880410194,0.6536005735397339
0.1,0.0001,True,False,32.0,128.0,256.0,0.006758358329534531,0.0015432098880410194,0.038963433355093,0.002959280274808407,3.527524471282959,0.7356634140014648,0.09450902044773102,0.0,0.23803256452083588,0.0015432098880410194,11.084578514099121
10.0,0.0001,False,False,2.0,512.0,256.0,0.015515963546931744,0.0014730639522895217,0.05045147240161896,0.0028935184236615896,11.33011245727539,0.9038777947425842,0.16801026463508606,0.40625,0.36189234256744385,0.40653935074806213,28.080183029174805
0.1,0.1,False,True,64.0,256.0,256.0,0.01285847183316946,0.0,0.053332872688770294,0.0015432098880410194,0.0012438885169103742,0.9972450137138367,0.011659406125545502,0.0,0.05405102297663689,0.0015432098880410194,1.117211103439331
1.0,1.0,False,False,2.0,256.0,128.0,0.021967343986034393,0.0,0.04297653213143349,0.0015432098880410194,0.00034205132396891713,1.571786880493164,0.010187880136072636,0.0,0.04333076626062393,0.0015432098880410194,0.8664411902427673
1.0,0.0001,True,False,2.0,128.0,64.0,0.015224550850689411,0.0014730639522895217,0.061064861714839935,0.0028935184236615896,8.047282218933105,2.7193570137023926,0.16233620047569275,0.03125,0.3564765453338623,0.03269675746560097,26.686616897583008
10.0,0.1,False,True,4.0,512.0,512.0,0.0391017347574234,0.0015432098880410194,0.04957422986626625,0.002959280274808407,0.2048701047897339,1.2616324424743652,0.016894295811653137,0.09375,0.0637255311012268,0.09500385820865631,0.8573877215385437
10.0,0.1,True,True,64.0,256.0,256.0,0.021163195371627808,0.0015432098880410194,0.08169086277484894,0.002959280274808407,0.037668682634830475,2.036607265472412,0.021955212578177452,0.0,0.10141680389642715,0.0015432098880410194,1.6646488904953003
10.0,0.0001,True,False,16.0,512.0,256.0,0.011386125348508358,0.0015432098880410194,0.04622366651892662,0.002959280274808407,5.143270969390869,1.1412227153778076,0.16013364493846893,0.09375,0.3373366892337799,0.09500385820865631,46.16531753540039
0.1,0.0001,True,True,2.0,64.0,64.0,0.01033720187842846,0.0015432098880410194,0.04072287678718567,0.002959280274808407,3.3868818283081055,1.213891863822937,0.04576437920331955,0.28125,0.17114096879959106,0.28192514181137085,5.957639694213867
0.1,1.0,False,True,4.0,64.0,512.0,0.012063334695994854,0.0,0.042022883892059326,0.0015432098880410194,0.000320795807056129,0.9360061883926392,0.010620848275721073,0.0,0.04222735017538071,0.0015432098880410194,0.8941367268562317
10.0,10.0,True,False,4.0,256.0,512.0,0.12013360112905502,0.0,0.04519606754183769,0.0015432098880410194,0.0010422791820019484,1.2068346738815308,0.010763227008283138,0.0,0.0452713742852211,0.0015432098880410194,1.045465350151062
10.0,10.0,True,False,64.0,128.0,256.0,0.044706471264362335,0.0015432098880410194,0.0940510705113411,0.002959280274808407,0.0011558294063434005,3.682694673538208,0.01950003020465374,0.0,0.0930684432387352,0.0015432098880410194,1.5858324766159058
10.0,0.1,False,True,16.0,256.0,512.0,0.025135964155197144,0.0015432098880410194,0.059328850358724594,0.002959280274808407,0.1121007427573204,1.4410282373428345,0.018552180379629135,0.15625,0.08486898243427277,0.15731096267700195,1.9555009603500366
10.0,1.0,True,True,16.0,128.0,128.0,0.021954214200377464,0.0015432098880410194,0.08173232525587082,0.002959280274808407,0.002975861309096217,1.9310084581375122,0.016690213233232498,0.0,0.08331151306629181,0.0015432098880410194,0.692267656326294
1.0,1.0,False,False,32.0,256.0,128.0,0.021338071674108505,0.0008417508215643466,0.07735416293144226,0.0023082385305315256,0.0018386042211204767,2.696442127227783,0.01653498224914074,0.0,0.079657644033432,0.0015432098880410194,1.1392041444778442
1.0,0.1,True,True,32.0,64.0,256.0,0.01394919864833355,0.0015432098880410194,0.06360238045454025,0.002959280274808407,0.003801534650847316,1.5315968990325928,0.013144508935511112,0.0,0.06423299014568329,0.0015432098880410194,0.6302204728126526
1.0,1.0,False,False,2.0,128.0,128.0,0.022585419937968254,0.0,0.04297908395528793,0.0015432098880410194,0.0003135710139758885,1.4808802604675293,0.010665841400623322,0.0,0.04254572093486786,0.0015432098880410194,0.9557743072509766
1.0,1.0,False,False,2.0,128.0,256.0,0.022431625053286552,0.0,0.04126568138599396,0.0015432098880410194,0.0003577672760002315,1.2059860229492188,0.01010227296501398,0.0,0.04139835014939308,0.0015432098880410194,0.8824245929718018
0.1,0.0001,False,True,2.0,128.0,64.0,0.011152006685733795,0.0,0.041302360594272614,0.0015432098880410194,3.5083887577056885,0.908086359500885,0.04633602127432823,0.0,0.15808668732643127,0.0015432098880410194,3.6038849353790283
1.0,10.0,True,False,64.0,512.0,512.0,0.021787110716104507,0.0014379910426214337,0.07471366971731186,0.002865021815523505,0.00033264176454395056,1.8129433393478394,0.016057215631008148,0.0,0.07655983418226242,0.0015432098880410194,1.1341241598129272
1.0,0.0001,False,True,64.0,256.0,64.0,0.00991296861320734,0.0015432098880410194,0.04263778030872345,0.002959280274808407,2.9107532501220703,1.0203834772109985,0.07211579382419586,0.03125,0.20828591287136078,0.03269675746560097,11.274785995483398
10.0,10.0,True,False,4.0,512.0,256.0,0.12271667271852493,0.0,0.046941112726926804,0.0015432098880410194,0.000871651282068342,1.348994255065918,0.010469344444572926,0.0,0.047009386122226715,0.0015432098880410194,0.8141646385192871
0.1,0.0001,False,False,4.0,256.0,512.0,0.010843499563634396,0.001367845106869936,0.042290862649679184,0.0027948757633566856,2.3822968006134033,0.7722933292388916,0.032260335981845856,0.0625,0.12681663036346436,0.06385030597448349,1.450734257698059
1.0,0.1,False,False,4.0,256.0,64.0,0.017627259716391563,0.0012976991711184382,0.0534672811627388,0.002733498113229871,0.02918700873851776,2.3121280670166016,0.012830917723476887,0.0,0.06075582653284073,0.0015432098880410194,1.0592608451843262
0.1,10.0,False,True,4.0,64.0,256.0,0.015381858684122562,0.0,0.04386531189084053,0.0015432098880410194,0.00035740050952881575,1.0027940273284912,0.010822931304574013,0.0,0.04478754848241806,0.0015432098880410194,0.712947428226471
0.1,0.0001,False,False,16.0,64.0,64.0,0.01063106395304203,0.0,0.0431869737803936,0.0015432098880410194,3.755868434906006,1.6369543075561523,0.20663310587406158,0.0,0.36575186252593994,0.0015432098880410194,56.09113693237305
1.0,0.0001,False,True,4.0,512.0,128.0,0.01125586498528719,0.0015432098880410194,0.043147411197423935,0.002959280274808407,2.491793155670166,0.9053526520729065,0.06848981976509094,0.5,0.21134451031684875,0.5,7.877974033355713
1.0,1.0,False,True,16.0,256.0,128.0,0.017596831545233727,0.0,0.050932347774505615,0.0015432098880410194,0.0014496591174975038,1.1701881885528564,0.011438343673944473,0.0,0.05147404223680496,0.0015432098880410194,0.8770700097084045
0.1,10.0,True,True,32.0,64.0,128.0,0.01382623240351677,0.0,0.056519925594329834,0.0015432098880410194,3.719334927154705e-05,1.6554908752441406,0.012257812544703484,0.0,0.056518495082855225,0.0015432098880410194,1.1740230321884155
1.0,0.1,True,True,16.0,128.0,128.0,0.014664549380540848,3.5072953323833644e-05,0.0561072900891304,0.0015717066125944257,0.005253729876130819,1.3320786952972412,0.012559985741972923,0.0,0.0576014444231987,0.0015432098880410194,0.8429828882217407
10.0,0.1,True,False,16.0,64.0,128.0,0.05687964707612991,0.0015432098880410194,0.08051729947328568,0.002959280274808407,0.33995726704597473,2.6939942836761475,0.05473547801375389,0.21875,0.1757284253835678,0.2196180522441864,11.14052963256836
10.0,0.0001,False,False,4.0,256.0,128.0,0.023215152323246002,0.001017115544527769,0.0507006011903286,0.002474835142493248,5.8128767013549805,1.7336032390594482,0.16244447231292725,0.03125,0.34992459416389465,0.03269675746560097,27.302040100097656
10.0,1.0,True,False,2.0,128.0,64.0,0.12586911022663116,0.0,0.04648769646883011,0.0015432098880410194,0.008398271165788174,2.281602382659912,0.010714413598179817,0.0,0.046163737773895264,0.0015432098880410194,0.8863043189048767
0.1,1.0,False,False,32.0,64.0,128.0,0.01518093142658472,0.0,0.06465502828359604,0.0015432098880410194,0.0009760405519045889,2.1462395191192627,0.012850326485931873,0.0,0.06492433696985245,0.0015432098880410194,0.990485668182373
10.0,0.0001,True,True,64.0,256.0,64.0,0.013021846301853657,0.0015432098880410194,0.055945903062820435,0.002959280274808407,1.8430640697479248,1.5884044170379639,0.11779635399580002,0.0625,0.28700944781303406,0.06385030597448349,23.846168518066406
10.0,0.0001,True,False,64.0,128.0,128.0,0.011628733016550541,0.0015432098880410194,0.04588550329208374,0.002959280274808407,4.043405055999756,2.559765577316284,0.35866519808769226,0.03125,0.4775521755218506,0.03269675746560097,73.81461334228516
0.1,0.1,False,True,16.0,512.0,64.0,0.011723474599421024,0.0,0.04601350054144859,0.0015432098880410194,0.0008299383916892111,0.7029032111167908,0.010560529306530952,0.0,0.04555681347846985,0.0015432098880410194,0.6412321329116821
10.0,0.1,True,True,16.0,64.0,256.0,0.02656693197786808,0.0015432098880410194,0.07452846318483353,0.002959280274808407,0.09003050625324249,2.522036075592041,0.020552361384034157,0.0,0.09794878214597702,0.0015432098880410194,1.9135385751724243
1.0,1.0,False,True,4.0,128.0,64.0,0.025547850877046585,0.0,0.046150024980306625,0.0015432098880410194,0.00295948120765388,1.6550081968307495,0.011952829547226429,0.0,0.04690782353281975,0.0015432098880410194,1.3959771394729614
1.0,0.0001,True,False,4.0,64.0,256.0,0.010845602490007877,0.0015432098880410194,0.0461031012237072,0.002959280274808407,6.779376983642578,0.8280879855155945,0.13477477431297302,0.21875,0.32443827390670776,0.2196180522441864,24.893308639526367
1.0,1.0,False,False,64.0,64.0,256.0,0.020025625824928284,0.0006313131307251751,0.07811916619539261,0.0021262976806610823,0.0017426752019673586,2.258228063583374,0.016107259318232536,0.0,0.08123703300952911,0.0015432098880410194,0.9418104887008667
0.1,0.0001,True,True,4.0,128.0,128.0,0.010478440672159195,0.0015432098880410194,0.04061424359679222,0.002959280274808407,2.6814260482788086,1.112176775932312,0.07182682305574417,0.1875,0.21693864464759827,0.18846450746059418,12.655326843261719
1.0,0.0001,True,True,32.0,128.0,64.0,0.012018801644444466,0.0015432098880410194,0.0443376824259758,0.002959280274808407,3.56807804107666,1.3747872114181519,0.12550963461399078,0.0,0.2851085960865021,0.0015432098880410194,33.335853576660156
0.1,0.1,False,False,2.0,512.0,256.0,0.012141014449298382,0.0,0.04248880594968796,0.0015432098880410194,0.00033575427369214594,1.0764083862304688,0.010851479135453701,0.0,0.042494017630815506,0.0015432098880410194,0.887295663356781
0.1,0.1,False,False,2.0,256.0,128.0,0.011983897536993027,0.0,0.04306167736649513,0.0015432098880410194,0.00036786319105885923,1.359619379043579,0.01074379961937666,0.0,0.04326522722840309,0.0015432098880410194,0.9000896215438843
10.0,0.0001,True,True,16.0,128.0,128.0,0.011778619140386581,0.0015432098880410194,0.050192128866910934,0.002959280274808407,3.994795799255371,1.954358458518982,0.1590700000524521,0.21875,0.34162747859954834,0.2196180522441864,41.97327423095703
0.1,10.0,False,False,32.0,256.0,512.0,0.01373293437063694,0.0,0.054267767816782,0.0015432098880410194,8.223300392273813e-05,0.9878248572349548,0.011647267267107964,0.0,0.05425337329506874,0.0015432098880410194,0.8570213913917542
0.1,1.0,False,False,16.0,128.0,512.0,0.01280043926090002,0.0,0.049650970846414566,0.0015432098880410194,0.0003093091945629567,0.849835216999054,0.01106226909905672,0.0,0.04963776841759682,0.0015432098880410194,0.8948401808738708
1.0,0.0001,True,True,64.0,256.0,128.0,0.010753504000604153,0.0015432098880410194,0.04383645951747894,0.002959280274808407,3.1323354244232178,1.0436066389083862,0.0630493238568306,0.0,0.193372443318367,0.0015432098880410194,14.33299732208252
0.1,0.0001,True,True,2.0,512.0,64.0,0.011425605043768883,0.0015432098880410194,0.04424303025007248,0.002959280274808407,3.0825977325439453,0.964175283908844,0.058579426258802414,0.46875,0.19836978614330292,0.4688464403152466,6.748779773712158
1.0,1.0,True,False,32.0,512.0,512.0,0.015293871983885765,0.0015081369783729315,0.05946324020624161,0.00292639946565032,0.0026712347753345966,1.1842656135559082,0.012150597758591175,0.0,0.059873972088098526,0.0015432098880410194,1.1243122816085815
0.1,10.0,True,False,32.0,512.0,128.0,0.015398032031953335,0.0,0.06983902305364609,0.0015432098880410194,5.080158871351159e-07,2.73427414894104,0.014239941723644733,0.0,0.07080051302909851,0.0015432098880410194,0.902079701423645
0.1,10.0,False,True,4.0,256.0,64.0,0.013057289645075798,0.0,0.04334405064582825,0.0015432098880410194,7.380083116004243e-05,0.965650200843811,0.011117632500827312,0.0,0.042994629591703415,0.0015432098880410194,0.9765157699584961
1.0,0.1,False,True,2.0,64.0,64.0,0.022706910967826843,0.0,0.04361751675605774,0.0015432098880410194,0.0018570496467873454,1.901429533958435,0.010605680756270885,0.0,0.04304390400648117,0.0015432098880410194,0.8759961128234863
10.0,10.0,False,True,4.0,512.0,256.0,0.11815100163221359,0.0,0.04482501372694969,0.0015432098880410194,0.0013500351924449205,1.0280792713165283,0.011202344670891762,0.0,0.04427362605929375,0.0015432098880410194,0.9586554169654846
1.0,1.0,True,True,32.0,64.0,64.0,0.021637465804815292,0.0,0.06968767940998077,0.0015432098880410194,0.0008423558319918811,2.503636360168457,0.015406733378767967,0.0,0.07516758888959885,0.0015432098880410194,1.5401461124420166
0.1,0.0001,True,False,32.0,128.0,512.0,0.005465214140713215,0.0015432098880410194,0.03835056722164154,0.002959280274808407,3.383741855621338,0.3777157962322235,0.06471101194620132,0.0,0.19939294457435608,0.0015432098880410194,4.829744815826416
10.0,10.0,False,True,16.0,256.0,128.0,0.0926382839679718,0.0,0.07603973150253296,0.0015432098880410194,0.003162259003147483,1.5777935981750488,0.01559412945061922,0.0,0.07665938884019852,0.0015432098880410194,0.8512569665908813
10.0,0.1,True,True,32.0,64.0,256.0,0.0323505736887455,0.0015432098880410194,0.09053371846675873,0.002959280274808407,0.1296166181564331,2.5838623046875,0.03136090934276581,0.0,0.1257692277431488,0.0015432098880410194,4.400102138519287
0.1,10.0,False,True,2.0,64.0,256.0,0.01393488235771656,0.0,0.039958227425813675,0.0015432098880410194,0.0002838002401404083,1.053645372390747,0.009970380924642086,0.0,0.03989991918206215,0.0015432098880410194,0.8387426733970642
10.0,0.0001,False,True,16.0,512.0,256.0,0.01116805337369442,0.0015432098880410194,0.04849323630332947,0.002959280274808407,1.2884128093719482,1.1389880180358887,0.07423463463783264,0.34375,0.22399558126926422,0.3442322611808777,14.485219955444336
10.0,0.1,True,True,16.0,128.0,256.0,0.02619050443172455,0.0015432098880410194,0.08372115343809128,0.002959280274808407,0.07057367265224457,2.274022340774536,0.022352050989866257,0.0,0.10432087630033493,0.0015432098880410194,2.8670735359191895
1.0,1.0,False,False,16.0,256.0,512.0,0.02148212306201458,0.00014029181329533458,0.05558307096362114,0.0016725413734093308,0.0017203667666763067,1.072012186050415,0.012269101105630398,0.0,0.05481176823377609,0.0015432098880410194,1.0500545501708984
0.1,10.0,True,True,2.0,128.0,128.0,0.013902366161346436,0.0,0.044240474700927734,0.0015432098880410194,5.875199713045731e-05,1.2111927270889282,0.012070009484887123,0.0,0.04412369057536125,0.0015432098880410194,1.093241572380066
1.0,1.0,False,True,16.0,256.0,512.0,0.020512955263257027,0.0,0.05245154723525047,0.0015432098880410194,0.0020492596086114645,1.1196565628051758,0.01222037523984909,0.0,0.05285828933119774,0.0015432098880410194,1.3555840253829956
0.1,0.1,False,True,64.0,512.0,256.0,0.013447532430291176,0.0,0.05493341386318207,0.0015432098880410194,0.0015951761743053794,1.0817269086837769,0.012475923635065556,0.0,0.05461207032203674,0.0015432098880410194,1.3562278747558594
10.0,10.0,True,True,32.0,128.0,256.0,0.038794346153736115,0.0014379910426214337,0.08925550431013107,0.002862829715013504,0.0014936201041564345,2.613060235977173,0.01677524857223034,0.0,0.08577281981706619,0.0015432098880410194,1.6152381896972656
0.1,0.1,True,False,4.0,512.0,512.0,0.01203224342316389,0.0,0.0428449846804142,0.0015432098880410194,0.000259587774053216,0.862370491027832,0.010894998908042908,0.0,0.04252089932560921,0.0015432098880410194,0.9008074402809143
10.0,10.0,True,True,4.0,256.0,64.0,0.11271875351667404,0.0,0.04749419540166855,0.0015432098880410194,0.0013231327757239342,1.4357612133026123,0.011311461217701435,0.0,0.04657668620347977,0.0015432098880410194,1.1897027492523193
10.0,10.0,False,True,32.0,256.0,512.0,0.06790465116500854,0.0012976991711184382,0.07661820203065872,0.0027313060127198696,0.004359850659966469,1.4001861810684204,0.014680993743240833,0.0,0.07678387314081192,0.0015432098880410194,1.2329449653625488
0.1,0.0001,True,True,4.0,128.0,256.0,0.010699301958084106,0.0015432098880410194,0.04517476633191109,0.002959280274808407,2.7729668617248535,0.7818284630775452,0.0459720715880394,0.15625,0.1669943779706955,0.15731096267700195,5.5915374755859375
1.0,0.1,True,True,32.0,128.0,512.0,0.011723739095032215,0.0015432098880410194,0.055272649973630905,0.002959280274808407,0.002333493437618017,0.9891502857208252,0.011715875007212162,0.0,0.05730084702372551,0.0015432098880410194,0.7523980736732483
0.1,10.0,True,False,16.0,512.0,128.0,0.013675859197974205,0.0,0.05673211067914963,0.0015432098880410194,6.994654540903866e-06,2.0864434242248535,0.011891787871718407,0.0,0.05489722639322281,0.0015432098880410194,1.0936572551727295
10.0,1.0,False,True,32.0,128.0,512.0,0.03376148268580437,0.0018237935146316886,0.08177153021097183,0.0032376719173043966,0.005658965557813644,2.0264482498168945,0.016334472224116325,0.0,0.07928037643432617,0.0015432098880410194,1.3493837118148804
0.1,0.1,True,False,32.0,64.0,512.0,0.012731587514281273,0.0015432098880410194,0.055072952061891556,0.002959280274808407,0.0025177246425300837,1.0017086267471313,0.012488353066146374,0.0,0.056031983345746994,0.0015432098880410194,0.8813658356666565
0.1,0.1,False,True,2.0,256.0,256.0,0.011975018307566643,0.0,0.04120070859789848,0.0015432098880410194,0.0003494330740068108,0.8121832609176636,0.010548066347837448,0.0,0.04103761538863182,0.0015432098880410194,0.8019251823425293
10.0,0.1,True,True,4.0,256.0,128.0,0.02488340623676777,0.0015432098880410194,0.04590398445725441,0.002959280274808407,0.12098482251167297,1.3378360271453857,0.011519166640937328,0.0,0.052676357328891754,0.0015432098880410194,0.7179955840110779
1.0,1.0,False,False,2.0,512.0,128.0,0.02369620092213154,0.0,0.04416806623339653,0.0015432098880410194,0.0008884606650099158,1.486997365951538,0.010906649753451347,0.0,0.04371293634176254,0.0015432098880410194,0.8554275035858154
0.1,1.0,True,True,2.0,64.0,256.0,0.011984935030341148,0.0,0.041466034948825836,0.0015432098880410194,2.861642678908538e-05,1.2844525575637817,0.01073272805660963,0.0,0.041346475481987,0.0015432098880410194,1.0004096031188965
0.1,0.0001,True,True,2.0,64.0,256.0,0.01053117960691452,0.0015432098880410194,0.04066871106624603,0.002959280274808407,3.0951027870178223,1.1079524755477905,0.053895626217126846,0.3125,0.18135611712932587,0.31307870149612427,6.42965841293335
10.0,0.0001,True,False,4.0,128.0,64.0,0.012883313931524754,0.0015432098880410194,0.04476363584399223,0.002959280274808407,10.864323616027832,2.562680959701538,0.20691964030265808,0.25,0.3942438066005707,0.2507716119289398,58.78232955932617
10.0,1.0,False,True,2.0,256.0,256.0,0.11638917773962021,0.0,0.04302843660116196,0.0015432098880410194,0.006027460563927889,1.3689957857131958,0.010631483048200607,0.0,0.042579371482133865,0.0015432098880410194,0.913195788860321
10.0,0.1,False,True,32.0,64.0,512.0,0.03198835998773575,0.0015432098880410194,0.07811570912599564,0.002959280274808407,0.10073016583919525,3.092869758605957,0.029478894546628,0.0625,0.12419166415929794,0.06385030597448349,3.3869736194610596
0.1,1.0,True,True,16.0,512.0,128.0,0.011457902379333973,0.0,0.045166753232479095,0.0015432098880410194,1.621742376300972e-05,0.772407591342926,0.010375174693763256,0.0,0.04530094563961029,0.0015432098880410194,0.9396578669548035
1.0,0.1,False,True,16.0,128.0,128.0,0.020543567836284637,0.0,0.05674012750387192,0.0015432098880410194,0.020753733813762665,1.3681294918060303,0.012153920717537403,0.0,0.05788777396082878,0.0015432098880410194,1.1579464673995972
0.1,0.1,True,True,64.0,512.0,256.0,0.011719255708158016,0.0014379910426214337,0.05235769599676132,0.002860637614503503,0.001257865340448916,0.8653262853622437,0.011828861199319363,0.0,0.05560101196169853,0.0015432098880410194,1.0715504884719849
0.1,10.0,True,False,2.0,512.0,256.0,0.012099278159439564,0.0,0.04082459583878517,0.0015432098880410194,2.5508246835670434e-05,1.1622979640960693,0.010644329711794853,0.0,0.04074256494641304,0.0015432098880410194,0.9950529932975769
10.0,1.0,False,False,2.0,128.0,512.0,0.13414141535758972,0.0,0.044163040816783905,0.0015432098880410194,0.0031611574813723564,1.0779058933258057,0.011163406074047089,0.0,0.044138457626104355,0.0015432098880410194,1.0144938230514526
1.0,10.0,False,True,16.0,128.0,256.0,0.024525396525859833,0.0,0.05217214673757553,0.0015432098880410194,0.00016707077156752348,1.3481818437576294,0.011487997137010098,0.0,0.0526161715388298,0.0015432098880410194,0.8718820214271545
0.1,0.1,False,False,64.0,512.0,128.0,0.019723286852240562,3.5072953323833644e-05,0.05793752521276474,0.0015738987131044269,0.06574057042598724,1.7465418577194214,0.11436644941568375,0.0,0.2268894612789154,0.0015432098880410194,4.300289630889893
0.1,0.0001,False,False,2.0,64.0,64.0,0.011072104796767235,0.0,0.04213898628950119,0.0015432098880410194,5.358310222625732,1.432498574256897,0.16129006445407867,0.0,0.3465878367424011,0.0015432098880410194,35.915435791015625
0.1,0.1,True,True,4.0,64.0,64.0,0.012507796287536621,0.0,0.04514684900641441,0.0015432098880410194,0.0004506201366893947,1.6038579940795898,0.011426012963056564,0.0,0.04583912342786789,0.0015432098880410194,1.0193521976470947
1.0,0.0001,True,False,4.0,256.0,256.0,0.010752017609775066,0.0015432098880410194,0.04247436672449112,0.002959280274808407,6.336243152618408,1.1247824430465698,0.13580085337162018,0.4375,0.31869086623191833,0.43769291043281555,23.86093521118164
0.1,1.0,True,True,32.0,512.0,128.0,0.011807646602392197,0.0,0.04759098216891289,0.0015432098880410194,3.5649129131343216e-05,0.9066357016563416,0.01041467860341072,0.0,0.04597162455320358,0.0015432098880410194,1.1799083948135376
1.0,1.0,False,False,32.0,64.0,256.0,0.025542540475726128,0.0,0.06856432557106018,0.0015432098880410194,0.0016853053821250796,1.7842246294021606,0.013825603760778904,0.0,0.06854106485843658,0.0015432098880410194,1.1777195930480957
10.0,1.0,True,True,32.0,64.0,256.0,0.026893537491559982,0.0015432098880410194,0.09180649369955063,0.002959280274808407,0.0067762043327093124,3.128618001937866,0.019514568150043488,0.0,0.0937640368938446,0.0015432098880410194,2.2348456382751465
10.0,10.0,False,True,16.0,128.0,256.0,0.10431695729494095,0.0,0.07507141679525375,0.0015432098880410194,0.001490326365455985,2.5434603691101074,0.015467779710888863,0.0,0.07183367013931274,0.0015432098880410194,2.0630972385406494
0.1,1.0,False,True,16.0,256.0,256.0,0.013073122128844261,0.0,0.048731010407209396,0.0015432098880410194,0.00010918999760178849,0.8278130292892456,0.011817460879683495,0.0,0.04848041757941246,0.0015432098880410194,1.0145642757415771
10.0,1.0,True,True,4.0,128.0,128.0,0.08680866658687592,0.0,0.05035843327641487,0.0015432098880410194,0.006416945718228817,1.8429102897644043,0.011423123069107533,0.0,0.050137709826231,0.0015432098880410194,1.179865837097168
1.0,0.0001,False,False,16.0,64.0,128.0,0.009520644322037697,0.0015432098880410194,0.04167427495121956,0.002959280274808407,3.3394839763641357,1.578099250793457,0.13468952476978302,0.28125,0.29205062985420227,0.28192514181137085,29.931406021118164
1.0,0.1,True,True,4.0,128.0,64.0,0.019479354843497276,0.0,0.046734899282455444,0.0015432098880410194,0.004312853328883648,1.3270375728607178,0.011558922939002514,0.0,0.0486069992184639,0.0015432098880410194,0.6861489415168762
1.0,10.0,True,True,32.0,512.0,128.0,0.023574061691761017,0.0,0.05277508497238159,0.0015432098880410194,0.00011178396380273625,0.981020987033844,0.0123455123975873,0.0,0.051965951919555664,0.0015432098880410194,1.2900148630142212
0.1,10.0,False,True,64.0,128.0,256.0,0.014195972122251987,0.0,0.05535305663943291,0.0015432098880410194,0.00012336259533185512,0.9317631125450134,0.011394728906452656,0.0,0.05276402086019516,0.0015432098880410194,1.0248240232467651
0.1,0.1,False,False,32.0,64.0,128.0,0.015928015112876892,0.0,0.06840961426496506,0.0015432098880410194,0.005396632011979818,2.1054768562316895,0.015172225423157215,0.0,0.07321126759052277,0.0015432098880410194,1.7295564413070679
1.0,10.0,False,False,16.0,64.0,512.0,0.026183323934674263,0.0,0.0525931753218174,0.0015432098880410194,0.0003060285234823823,1.0268710851669312,0.011499394662678242,0.0,0.05318072810769081,0.0015432098880410194,1.0003222227096558
0.1,10.0,True,True,32.0,512.0,512.0,0.012727533467113972,0.0,0.047323454171419144,0.0015432098880410194,7.010941317275865e-06,0.7248180508613586,0.011754396371543407,0.0,0.049289241433143616,0.0015432098880410194,0.9944811463356018
1.0,0.0001,True,True,16.0,512.0,512.0,0.007961153984069824,0.0015432098880410194,0.04058071970939636,0.002959280274808407,2.2979984283447266,0.5740012526512146,0.041854001581668854,0.09375,0.15664072334766388,0.09500385820865631,6.119122505187988
0.1,0.0001,True,False,4.0,256.0,128.0,0.007796269841492176,0.0015432098880410194,0.042236194014549255,0.002959280274808407,5.306308269500732,1.0959820747375488,0.1508226841688156,0.15625,0.33343538641929626,0.15731096267700195,37.190528869628906
0.1,0.0001,True,True,64.0,512.0,64.0,0.008266319520771503,0.0015432098880410194,0.039860259741544724,0.002959280274808407,2.3078765869140625,0.6236854791641235,0.04027242958545685,0.0,0.15162116289138794,0.0015432098880410194,2.6743316650390625
10.0,0.1,True,True,2.0,256.0,256.0,0.10094693303108215,0.0,0.04363308101892471,0.0015432098880410194,0.020817788317799568,1.3347834348678589,0.01138045359402895,0.0,0.04352680966258049,0.0015432098880410194,1.24813711643219
10.0,0.1,True,False,32.0,64.0,64.0,0.06409025937318802,0.0015432098880410194,0.107765793800354,0.002959280274808407,0.3610903322696686,5.025513648986816,0.12051410973072052,0.28125,0.2754296064376831,0.28192514181137085,27.725082397460938
1.0,10.0,True,False,32.0,128.0,256.0,0.02673712559044361,0.0,0.06827185302972794,0.0015432098880410194,0.00013263306755106896,1.8200945854187012,0.014916053041815758,0.0,0.07113462686538696,0.0015432098880410194,1.1475735902786255
10.0,0.1,True,True,16.0,128.0,64.0,0.03906386345624924,0.0015432098880410194,0.08128537237644196,0.002959280274808407,0.20241104066371918,2.2121760845184326,0.03382870927453041,0.0625,0.12996827065944672,0.06385030597448349,4.286252498626709
0.1,1.0,True,True,4.0,256.0,512.0,0.01230933889746666,0.0,0.04506223648786545,0.0015432098880410194,2.6440924557391554e-05,0.766014039516449,0.011123799718916416,0.0,0.04475546255707741,0.0015432098880410194,0.9833325147628784
10.0,10.0,True,False,64.0,512.0,512.0,0.03634684905409813,0.0015782827977091074,0.08443240821361542,0.002994353184476495,0.0013728789053857327,2.1477291584014893,0.015077130869030952,0.0,0.0780550166964531,0.0015432098880410194,1.2973346710205078
0.1,0.0001,True,True,4.0,256.0,512.0,0.012134878896176815,0.0015432098880410194,0.045633621513843536,0.002959280274808407,1.7812514305114746,0.9054174423217773,0.04195544123649597,0.375,0.16031816601753235,0.3753857910633087,4.882761478424072
10.0,10.0,True,False,64.0,512.0,128.0,0.043449196964502335,0.0014730639522895217,0.09748215228319168,0.0028935184236615896,0.0006934233824722469,5.424739837646484,0.019926395267248154,0.0,0.09456662088632584,0.0015432098880410194,2.200389862060547
1.0,1.0,True,False,2.0,64.0,512.0,0.023510541766881943,0.0,0.04199575260281563,0.0015432098880410194,0.00017590423522051424,1.0358471870422363,0.011317540891468525,0.0,0.0423041433095932,0.0015432098880410194,0.9736309051513672
10.0,1.0,True,True,4.0,128.0,512.0,0.03775642439723015,0.0,0.04755544289946556,0.0015432098880410194,0.0062734205275774,1.718727707862854,0.011037781834602356,0.0,0.04664658382534981,0.0015432098880410194,1.2208216190338135
10.0,0.0001,False,False,32.0,128.0,512.0,0.011882515624165535,0.0015432098880410194,0.047715675085783005,0.002959280274808407,1.4116002321243286,0.9398537874221802,0.07892664521932602,0.34375,0.2199075073003769,0.3442322611808777,18.637208938598633
10.0,0.1,False,True,16.0,64.0,128.0,0.044168371707201004,0.0015081369783729315,0.08550062775611877,0.00292639946565032,0.20652203261852264,3.7299420833587646,0.032439783215522766,0.1875,0.12913721799850464,0.18846450746059418,4.370944499969482
10.0,0.1,True,True,2.0,64.0,64.0,0.038493745028972626,0.0015432098880410194,0.04673261567950249,0.002959280274808407,0.2390192151069641,1.8975253105163574,0.012222510762512684,0.0,0.056224506348371506,0.0015432098880410194,1.2757548093795776
10.0,0.1,True,True,4.0,256.0,512.0,0.01666436530649662,0.0015782827977091074,0.044556375592947006,0.002994353184476495,0.02315714582800865,1.1079744100570679,0.0103069469332695,0.0,0.04599275439977646,0.0015432098880410194,0.799309253692627
10.0,1.0,True,False,4.0,256.0,128.0,0.09210889786481857,0.0,0.054153695702552795,0.0015432098880410194,0.00764268497005105,1.6496179103851318,0.012060914188623428,0.0,0.05340315029025078,0.0015432098880410194,1.0395597219467163
0.1,1.0,False,False,32.0,512.0,256.0,0.013572802767157555,0.0,0.057068437337875366,0.0015432098880410194,0.00017028617730829865,1.4072190523147583,0.011928318999707699,0.0,0.057159531861543655,0.0015432098880410194,0.9122048616409302
0.1,1.0,True,False,32.0,64.0,512.0,0.013017715886235237,0.0,0.05425705015659332,0.0015432098880410194,5.070895713288337e-05,0.9780636429786682,0.01187270786613226,0.0,0.054474152624607086,0.0015432098880410194,1.0816936492919922
1.0,10.0,False,True,32.0,128.0,128.0,0.027095505967736244,0.0,0.06446579843759537,0.0015432098880410194,0.00025746578467078507,1.6005830764770508,0.013888237066566944,0.0,0.06685952842235565,0.0015432098880410194,1.4474855661392212
1.0,0.0001,True,True,4.0,128.0,64.0,0.011957043781876564,0.0015432098880410194,0.04408892244100571,0.002959280274808407,4.3073296546936035,1.2178584337234497,0.10230528563261032,0.375,0.27243277430534363,0.3753857910633087,12.85763931274414
10.0,0.1,False,False,4.0,64.0,512.0,0.05060094967484474,0.0012976991711184382,0.04572714865207672,0.0027313060127198696,0.303617924451828,1.1639913320541382,0.017940202727913857,0.25,0.07190542668104172,0.2507716119289398,1.5835223197937012
10.0,0.0001,True,True,64.0,64.0,512.0,0.010413645766675472,0.0015432098880410194,0.04578405246138573,0.002959280274808407,3.2341296672821045,2.2086915969848633,0.1639648824930191,0.03125,0.3313736617565155,0.03269675746560097,41.1403923034668
0.1,1.0,True,True,16.0,256.0,512.0,0.012724352069199085,0.0,0.04898623004555702,0.0015432098880410194,4.883731890004128e-05,0.697896420955658,0.011646040715277195,0.0,0.04950208589434624,0.0015432098880410194,0.8249262571334839
0.1,0.1,False,False,16.0,128.0,128.0,0.012800430878996849,0.0,0.05513570085167885,0.0015432098880410194,0.0020422739908099174,1.6393756866455078,0.011730827391147614,0.0,0.05601077154278755,0.0015432098880410194,1.0388449430465698
0.1,10.0,False,True,32.0,512.0,512.0,0.012395189143717289,0.0,0.048422493040561676,0.0015432098880410194,2.9258604627102613e-05,0.7596765160560608,0.010655956342816353,0.0,0.04737807810306549,0.0015432098880410194,0.9485573768615723
10.0,1.0,True,False,64.0,128.0,512.0,0.03512553125619888,0.0015432098880410194,0.09466295689344406,0.002959280274808407,0.005632741842418909,2.0725040435791016,0.01977703906595707,0.0,0.09675991535186768,0.0015432098880410194,1.692291021347046
1.0,10.0,True,False,2.0,256.0,256.0,0.022954484447836876,0.0,0.040907930582761765,0.0015432098880410194,4.211427585687488e-05,1.1532069444656372,0.009633577428758144,0.0,0.040511079132556915,0.0015432098880410194,0.6930593848228455
10.0,1.0,True,False,4.0,64.0,512.0,0.03358198329806328,0.0015432098880410194,0.044923946261405945,0.002959280274808407,0.016755573451519012,0.9770074486732483,0.010825839824974537,0.0,0.045252688229084015,0.0015432098880410194,0.9948986172676086
0.1,0.1,True,True,64.0,64.0,64.0,0.013240124098956585,0.0,0.05832607299089432,0.0015432098880410194,0.0008080150582827628,1.764108657836914,0.012136353179812431,0.0,0.06030554324388504,0.0015432098880410194,0.7515469193458557
1.0,1.0,False,False,16.0,512.0,256.0,0.017811045050621033,0.0014379910426214337,0.059506118297576904,0.002862829715013504,0.0024295933544635773,1.3807939291000366,0.012590606696903706,0.0,0.059959910809993744,0.0015432098880410194,1.2239656448364258
0.1,0.0001,False,True,32.0,128.0,64.0,0.008693703450262547,0.0,0.042000025510787964,0.0015432098880410194,3.052006959915161,1.0210870504379272,0.05358274653553963,0.0,0.17918911576271057,0.0015432098880410194,7.084208965301514
0.1,10.0,True,True,32.0,256.0,128.0,0.01328926533460617,0.0,0.05213623493909836,0.0015432098880410194,9.979904689316754e-07,1.1216143369674683,0.012090959586203098,0.0,0.052157558500766754,0.0015432098880410194,1.452620267868042
0.1,0.0001,True,False,64.0,128.0,512.0,0.0038884999230504036,0.0015432098880410194,0.03126217797398567,0.002959280274808407,3.4602396488189697,0.4658891260623932,0.15603549778461456,0.0,0.32041653990745544,0.0015432098880410194,3.081942081451416
0.1,10.0,False,False,32.0,512.0,512.0,0.013783629983663559,0.0,0.05562128871679306,0.0015432098880410194,2.8550972274388187e-05,0.9979045391082764,0.012109910137951374,0.0,0.0553491935133934,0.0015432098880410194,0.9596951603889465
1.0,0.0001,False,True,16.0,512.0,64.0,0.00949474424123764,0.0015432098880410194,0.04118993505835533,0.002959280274808407,2.5163440704345703,0.8504538536071777,0.052121758460998535,0.1875,0.18050754070281982,0.18846450746059418,6.781058311462402
1.0,0.1,False,True,4.0,64.0,512.0,0.021347278729081154,0.0,0.04344908893108368,0.0015432098880410194,0.003361389972269535,2.0022571086883545,0.01051479671150446,0.0,0.043752070516347885,0.0015432098880410194,1.194908618927002
10.0,10.0,True,False,16.0,512.0,64.0,0.08194548636674881,0.0012275533517822623,0.09560587257146835,0.002672120463103056,0.003275545546784997,4.966497421264648,0.018041511997580528,0.0,0.0880175530910492,0.0015432098880410194,1.7392115592956543
0.1,0.0001,True,True,64.0,128.0,64.0,0.011018753051757812,0.0,0.042685724794864655,0.0015432098880410194,2.909989356994629,1.1366873979568481,0.0872531458735466,0.0,0.23074080049991608,0.0015432098880410194,13.403190612792969
1.0,0.1,True,True,64.0,64.0,64.0,0.019748857244849205,0.0015432098880410194,0.07087520509958267,0.002959280274808407,0.04185071960091591,2.9886093139648438,0.030910367146134377,0.0,0.12223776429891586,0.0015432098880410194,1.3742913007736206
1.0,10.0,False,False,4.0,512.0,512.0,0.02423236332833767,0.0,0.04427579045295715,0.0015432098880410194,7.612249464727938e-05,0.9537562131881714,0.011139560490846634,0.0,0.04389273375272751,0.0015432098880410194,0.9306775331497192
0.1,0.0001,True,False,16.0,128.0,64.0,0.008233909495174885,0.0014379910426214337,0.049814991652965546,0.002860637614503503,4.5965142250061035,1.7513309717178345,0.16246376931667328,0.0625,0.3172558546066284,0.06385030597448349,38.40378189086914
0.1,1.0,True,True,16.0,64.0,512.0,0.012448766268789768,0.0,0.04850412532687187,0.0015432098880410194,2.9891742087784223e-05,1.0914016962051392,0.01123732328414917,0.0,0.049322281032800674,0.0015432098880410194,0.926584780216217
1.0,0.1,False,True,2.0,64.0,512.0,0.021253563463687897,0.0,0.041559766978025436,0.0015432098880410194,0.0018672174774110317,1.265846848487854,0.010274680331349373,0.0,0.0414392352104187,0.0015432098880410194,0.8477396368980408
10.0,0.0001,False,False,64.0,256.0,512.0,0.009957783855497837,0.0015432098880410194,0.04521188512444496,0.002959280274808407,1.3834912776947021,1.4391950368881226,0.08478906750679016,0.09375,0.22625571489334106,0.09500385820865631,14.548659324645996
0.1,10.0,True,True,16.0,128.0,512.0,0.012190885841846466,0.0,0.04658657684922218,0.0015432098880410194,1.0227751772617921e-05,0.8775532841682434,0.010887949727475643,0.0,0.046811215579509735,0.0015432098880410194,1.0651071071624756
10.0,10.0,True,True,16.0,128.0,512.0,0.03710130974650383,0.001367845106869936,0.0655531957745552,0.002799259964376688,0.0016085637034848332,1.9131488800048828,0.01273314282298088,0.0,0.062492042779922485,0.0015432098880410194,1.2686293125152588
1.0,0.0001,False,True,4.0,256.0,64.0,0.010437959805130959,0.0015432098880410194,0.04301527142524719,0.002959280274808407,2.639312982559204,0.8627203702926636,0.061488356441259384,0.3125,0.1917286068201065,0.31307870149612427,7.289401531219482
0.1,1.0,False,True,64.0,512.0,128.0,0.014211466535925865,0.0,0.05422961339354515,0.0015432098880410194,0.00016691468772478402,0.8686985373497009,0.013019903562963009,0.0,0.05463767051696777,0.0015432098880410194,0.8822699189186096
0.1,0.0001,False,False,32.0,256.0,256.0,0.005712518468499184,0.0015432098880410194,0.04186544194817543,0.002959280274808407,3.416438579559326,0.6535367369651794,0.09617681801319122,0.09375,0.24159859120845795,0.09500385820865631,11.223031997680664
10.0,0.0001,False,True,2.0,512.0,64.0,0.013113902881741524,0.0015081369783729315,0.053998157382011414,0.00292639946565032,4.160878658294678,0.7526745796203613,0.11096863448619843,0.59375,0.2810180187225342,0.5934606194496155,12.627726554870605
10.0,0.0001,True,True,2.0,128.0,128.0,0.012709557078778744,0.0015432098880410194,0.04855293035507202,0.002959280274808407,5.205977439880371,1.4347219467163086,0.10883262753486633,0.59375,0.2806611657142639,0.5934606194496155,13.758040428161621
0.1,1.0,True,True,2.0,512.0,64.0,0.010540587827563286,0.0,0.03959231823682785,0.0015432098880410194,1.6778529243310913e-05,0.6738334894180298,0.00930720940232277,0.0,0.040264543145895004,0.0015432098880410194,0.6181375980377197
10.0,0.0001,True,False,32.0,128.0,64.0,0.021542970091104507,0.0011574074160307646,0.04999510943889618,0.0026063586119562387,3.5838887691497803,3.059340000152588,0.39056190848350525,0.3125,0.49661433696746826,0.31307870149612427,76.85367584228516
10.0,0.0001,False,True,16.0,64.0,256.0,0.016795538365840912,0.001367845106869936,0.05694636330008507,0.002797067863866687,1.1400762796401978,2.2950565814971924,0.0531834214925766,0.3125,0.17972001433372498,0.31307870149612427,8.70426082611084
0.1,10.0,True,False,16.0,256.0,128.0,0.01321602612733841,0.0,0.05521834269165993,0.0015432098880410194,2.253867387480568e-05,1.7151309251785278,0.01178706344217062,0.0,0.05604138970375061,0.0015432098880410194,0.9867153167724609
1.0,0.1,False,True,16.0,512.0,128.0,0.014794964343309402,0.001332772197201848,0.05156729742884636,0.0027663791552186012,0.022010507062077522,1.004755973815918,0.01151871494948864,0.0,0.052125416696071625,0.0015432098880410194,0.9548752307891846
0.1,10.0,True,False,64.0,512.0,512.0,0.014571471139788628,0.0,0.06472192704677582,0.0015432098880410194,3.821236532530747e-06,1.3092373609542847,0.013245646841824055,0.0,0.06495729088783264,0.0015432098880410194,0.8813403844833374
10.0,1.0,True,False,4.0,64.0,256.0,0.0302492156624794,0.0015432098880410194,0.04802250489592552,0.002959280274808407,0.007936349138617516,1.3083815574645996,0.010666214860975742,0.0,0.04754345864057541,0.0015432098880410194,0.9201304912567139
10.0,1.0,True,True,16.0,256.0,512.0,0.01743926666676998,0.0015782827977091074,0.060569196939468384,0.002994353184476495,0.0026356601156294346,1.5171693563461304,0.013419385999441147,0.0,0.06037213280797005,0.0015432098880410194,1.2293442487716675
10.0,1.0,False,True,2.0,512.0,512.0,0.10641858726739883,0.0,0.043808650225400925,0.0015432098880410194,0.0035855844616889954,0.9381285905838013,0.00985973235219717,0.0,0.04387024790048599,0.0015432098880410194,0.6559415459632874
0.1,0.0001,False,True,32.0,128.0,256.0,0.00805827509611845,0.0015432098880410194,0.04641551896929741,0.002959280274808407,2.9491772651672363,0.7356216311454773,0.05247926712036133,0.0,0.17448225617408752,0.0015432098880410194,3.8192474842071533
0.1,0.0001,True,False,32.0,512.0,128.0,0.006282765883952379,0.0015432098880410194,0.04768433794379234,0.002959280274808407,4.276561260223389,0.8344371318817139,0.21995094418525696,0.09375,0.3689412474632263,0.09500385820865631,37.037269592285156
0.1,0.1,True,False,64.0,128.0,512.0,0.013149993494153023,0.001402918016538024,0.06378810852766037,0.002827756805345416,0.0022150336299091578,1.2267521619796753,0.012621991336345673,0.0,0.06369957327842712,0.0015432098880410194,0.9984515309333801
0.1,1.0,True,True,64.0,64.0,128.0,0.013221700675785542,0.0,0.056911494582891464,0.0015432098880410194,0.00012172372953500599,1.5921430587768555,0.011513415724039078,0.0,0.05380374193191528,0.0015432098880410194,0.9166117310523987
10.0,0.0001,False,True,32.0,64.0,256.0,0.020582737401127815,0.0012976991711184382,0.07471981644630432,0.002733498113229871,1.257119059562683,1.8695634603500366,0.09491357952356339,0.125,0.24724388122558594,0.12615740299224854,20.193113327026367
1.0,0.0001,False,True,64.0,256.0,128.0,0.009683103300631046,0.0015432098880410194,0.042347926646471024,0.002959280274808407,3.025587320327759,0.9175096154212952,0.07998211681842804,0.0,0.21846090257167816,0.0015432098880410194,7.0095109939575195
1.0,0.0001,False,False,32.0,128.0,64.0,0.010467608459293842,0.0014379910426214337,0.04314793646335602,0.002860637614503503,3.608295440673828,2.019853353500366,0.28253787755966187,0.09375,0.42113596200942993,0.09500385820865631,53.46792984008789
10.0,10.0,False,False,64.0,256.0,256.0,0.04468514770269394,0.001402918016538024,0.09030455350875854,0.002827756805345416,0.0014628138160333037,3.3182880878448486,0.018113955855369568,0.0,0.08991607278585434,0.0015432098880410194,1.1229791641235352
0.1,0.1,False,True,4.0,512.0,512.0,0.01267178449779749,0.0,0.044391363859176636,0.0015432098880410194,0.0006470373482443392,0.8002455830574036,0.01146772038191557,0.0,0.04419034346938133,0.0015432098880410194,1.0960994958877563
10.0,10.0,False,False,64.0,256.0,512.0,0.038639236241579056,0.0015081369783729315,0.08511124551296234,0.00292639946565032,0.0016729056369513273,2.0786054134368896,0.01710648462176323,0.0,0.08226710557937622,0.0015432098880410194,1.4119120836257935
1.0,1.0,True,False,64.0,64.0,256.0,0.018171824514865875,0.001367845106869936,0.07841207087039948,0.002799259964376688,0.0009548861999064684,2.4611897468566895,0.016236349940299988,0.0,0.0796913281083107,0.0015432098880410194,1.5362049341201782
1.0,0.1,True,False,16.0,128.0,128.0,0.019591717049479485,0.0015432098880410194,0.06566779315471649,0.002959280274808407,0.04347873106598854,1.7735939025878906,0.017228232696652412,0.0,0.08489935100078583,0.0015432098880410194,1.3678503036499023
0.1,0.1,True,True,2.0,128.0,512.0,0.011700872331857681,0.0,0.04231686890125275,0.0015432098880410194,0.0006758476956747472,0.8942157030105591,0.010393193922936916,0.0,0.042316582053899765,0.0015432098880410194,0.9031592607498169
10.0,0.0001,True,True,2.0,64.0,256.0,0.011070478707551956,0.0015432098880410194,0.0441303625702858,0.002959280274808407,8.34450626373291,1.986504077911377,0.15684156119823456,0.40625,0.3524574041366577,0.40653935074806213,19.48576545715332
0.1,0.1,False,False,64.0,256.0,256.0,0.0161035917699337,0.0014379910426214337,0.069130077958107,0.002862829715013504,0.01638149283826351,1.5040714740753174,0.0179113931953907,0.0,0.08628886938095093,0.0015432098880410194,1.3455967903137207
1.0,10.0,True,False,16.0,256.0,64.0,0.02773914858698845,0.0,0.07638445496559143,0.0015432098880410194,1.453743243473582e-05,3.590163469314575,0.015176967717707157,0.0,0.0758177787065506,0.0015432098880410194,1.2659910917282104
1.0,1.0,True,False,4.0,512.0,128.0,0.023049794137477875,0.0,0.048114825040102005,0.0015432098880410194,0.0006171353161334991,1.5365476608276367,0.01111119519919157,0.0,0.04803380370140076,0.0015432098880410194,0.8663527965545654
10.0,0.1,False,True,2.0,128.0,256.0,0.12430528551340103,0.0,0.04548987001180649,0.0015432098880410194,0.04946449398994446,1.6412032842636108,0.01100724283605814,0.0,0.045130208134651184,0.0015432098880410194,0.7128021717071533
10.0,0.0001,True,True,16.0,512.0,128.0,0.012687363661825657,0.0015432098880410194,0.055823858827352524,0.002959280274808407,3.7900078296661377,0.810944139957428,0.16701556742191315,0.1875,0.3635563254356384,0.18846450746059418,29.371257781982422
10.0,0.1,False,True,64.0,256.0,256.0,0.0317513532936573,0.0014379910426214337,0.08008216321468353,0.002860637614503503,0.12671013176441193,2.2273812294006348,0.03144700825214386,0.03125,0.12717048823833466,0.03269675746560097,2.578178644180298
1.0,10.0,True,False,16.0,512.0,64.0,0.027652351185679436,0.0,0.07512295991182327,0.0015432098880410194,8.253078931375057e-07,3.7191736698150635,0.015179806388914585,0.0,0.0751132071018219,0.0015432098880410194,1.1569606065750122
0.1,10.0,True,True,32.0,128.0,128.0,0.013588853180408478,0.0,0.05632755532860756,0.0015432098880410194,1.766898640198633e-05,1.267085313796997,0.012317297048866749,0.0,0.05744065344333649,0.0015432098880410194,0.5435476303100586
0.1,10.0,True,True,4.0,64.0,512.0,0.011716310866177082,0.0,0.04258771613240242,0.0015432098880410194,1.1586478649405763e-05,0.8656148314476013,0.010451748967170715,0.0,0.04341357573866844,0.0015432098880410194,0.7393206357955933
10.0,0.1,True,False,64.0,64.0,512.0,0.030210228636860847,0.0015432098880410194,0.0838281586766243,0.002959280274808407,0.09282766282558441,2.252479076385498,0.037785619497299194,0.09375,0.1433565318584442,0.09500385820865631,3.955411672592163
10.0,1.0,True,True,4.0,512.0,128.0,0.04659457504749298,0.0,0.048005495220422745,0.0015432098880410194,0.009791776537895203,1.2558807134628296,0.010692586190998554,0.0,0.04851006716489792,0.0015432098880410194,0.9619917869567871
1.0,10.0,True,False,4.0,256.0,512.0,0.023285293951630592,0.0,0.044156305491924286,0.0015432098880410194,4.926140536554158e-05,0.9817600250244141,0.010942887514829636,0.0,0.04377683997154236,0.0015432098880410194,0.8781827092170715
10.0,0.0001,False,False,16.0,512.0,512.0,0.01172303594648838,0.0015432098880410194,0.04687903821468353,0.002959280274808407,2.53987193107605,0.8666505813598633,0.09427236020565033,0.21875,0.2534179985523224,0.2196180522441864,17.10051727294922
0.1,10.0,True,True,2.0,64.0,256.0,0.012364495545625687,0.0,0.04227166622877121,0.0015432098880410194,4.827839802601375e-05,1.020952820777893,0.01062826905399561,0.0,0.04195447266101837,0.0015432098880410194,0.8569679260253906
1.0,0.0001,True,True,2.0,128.0,128.0,0.010629191063344479,0.0015432098880410194,0.041088350117206573,0.002959280274808407,4.249441146850586,1.2280386686325073,0.032156143337488174,0.46875,0.1238761842250824,0.4688464403152466,2.1574625968933105
10.0,10.0,False,True,16.0,256.0,512.0,0.07627656310796738,0.0,0.06018973886966705,0.0015432098880410194,0.002110809786245227,1.3091998100280762,0.013267415575683117,0.0,0.059827543795108795,0.0015432098880410194,0.9306199550628662
0.1,0.1,True,True,2.0,512.0,64.0,0.012078344821929932,0.0,0.04190869256854057,0.0015432098880410194,3.2788495445856825e-05,0.7667496800422668,0.010859550908207893,0.0,0.04157822206616402,0.0015432098880410194,0.8125337958335876
0.1,10.0,True,False,32.0,64.0,512.0,0.013313869014382362,0.0,0.05483471229672432,0.0015432098880410194,2.271919402119238e-05,0.8728078603744507,0.01187023613601923,0.0,0.055015768855810165,0.0015432098880410194,0.7146416902542114
1.0,0.1,False,False,32.0,256.0,256.0,0.02297895774245262,0.0014379910426214337,0.061342522501945496,0.002860637614503503,0.09679940342903137,1.6086400747299194,0.021973980590701103,0.03125,0.09845620393753052,0.03269675746560097,2.4120824337005615
10.0,1.0,True,True,32.0,256.0,256.0,0.018322432413697243,0.0015432098880410194,0.077452652156353,0.002959280274808407,0.0019158768700435758,1.6868733167648315,0.015965532511472702,0.0,0.08003486692905426,0.0015432098880410194,1.2220295667648315
0.1,1.0,True,True,4.0,64.0,128.0,0.012040688656270504,0.0,0.043770525604486465,0.0015432098880410194,4.795862332684919e-05,1.343824863433838,0.010890129022300243,0.0,0.044042062014341354,0.0015432098880410194,1.0495187044143677
1.0,0.0001,False,True,2.0,128.0,256.0,0.010550940409302711,0.0015432098880410194,0.0416363887488842,0.002959280274808407,2.851010799407959,0.9888777136802673,0.035797689110040665,0.4375,0.13662132620811462,0.43769291043281555,3.9444053173065186
10.0,0.0001,True,True,64.0,256.0,256.0,0.010575943626463413,0.0015432098880410194,0.044406257569789886,0.002959280274808407,3.397862195968628,1.543540358543396,0.12782616913318634,0.03125,0.3027283847332001,0.03269675746560097,34.64597702026367
10.0,1.0,True,False,4.0,64.0,128.0,0.04636485502123833,0.0009469697251915932,0.05267706140875816,0.0024090732913464308,0.010529902763664722,2.0693581104278564,0.010943492874503136,0.0,0.05285792052745819,0.0015432098880410194,0.9346624612808228
1.0,1.0,True,False,64.0,128.0,256.0,0.01848442293703556,0.0015081369783729315,0.07956412434577942,0.00292639946565032,0.0011615905677899718,2.5502054691314697,0.01603534072637558,0.0,0.07822079956531525,0.0015432098880410194,1.562689185142517
0.1,0.0001,False,False,64.0,512.0,64.0,0.007775258272886276,0.0011223345063626766,0.04821105673909187,0.002571285702288151,4.1296539306640625,1.212228775024414,0.4335668683052063,0.4375,0.5210573077201843,0.43769291043281555,69.64891815185547
0.1,0.1,False,True,64.0,128.0,256.0,0.012731971219182014,0.0,0.054706379771232605,0.0015432098880410194,0.0011201724410057068,1.0352116823196411,0.011807400733232498,0.0,0.05537651851773262,0.0015432098880410194,1.0445274114608765
1.0,0.0001,True,False,16.0,128.0,256.0,0.008787180297076702,0.0015432098880410194,0.04521526023745537,0.002959280274808407,3.987078905105591,0.7999431490898132,0.08837605267763138,0.03125,0.24300044775009155,0.03269675746560097,16.33395004272461
10.0,0.0001,False,True,2.0,128.0,512.0,0.021675676107406616,0.0012275533517822623,0.04745102301239967,0.0026677364949136972,2.8305554389953613,1.2939058542251587,0.0855804905295372,0.40625,0.2133556455373764,0.40653935074806213,9.12371826171875
10.0,10.0,False,False,4.0,64.0,512.0,0.13293315470218658,0.0,0.04519951343536377,0.0015432098880410194,0.0006732732290402055,1.1379625797271729,0.011048863641917706,0.0,0.04464360699057579,0.0015432098880410194,1.0786089897155762
10.0,10.0,True,True,2.0,256.0,64.0,0.13258200883865356,0.0,0.044920653104782104,0.0015432098880410194,0.0005137238767929375,1.6364150047302246,0.010966955684125423,0.0,0.045300036668777466,0.0015432098880410194,1.3463205099105835
1.0,10.0,True,False,2.0,512.0,256.0,0.022332319989800453,0.0,0.04066232964396477,0.0015432098880410194,2.0383491573738866e-05,1.1776131391525269,0.00990494154393673,0.0,0.040696144104003906,0.0015432098880410194,0.7644599676132202
0.1,0.0001,False,False,16.0,64.0,512.0,0.005826739128679037,0.0,0.04061799868941307,0.0015432098880410194,2.472846031188965,0.5061323642730713,0.06813520938158035,0.0,0.19883131980895996,0.0015432098880410194,1.0137125253677368
10.0,0.0001,True,False,64.0,64.0,256.0,0.010025381110608578,0.0015432098880410194,0.04596535488963127,0.002959280274808407,3.156264305114746,1.790861964225769,0.15458303689956665,0.03125,0.308095782995224,0.03269675746560097,35.051300048828125
0.1,10.0,False,True,64.0,512.0,64.0,0.013242042623460293,0.0,0.049887582659721375,0.0015432098880410194,3.5221510188421234e-05,1.0066171884536743,0.011633395217359066,0.0,0.05028503015637398,0.0015432098880410194,0.946401059627533
0.1,10.0,False,True,2.0,512.0,64.0,0.011966876685619354,0.0,0.041205525398254395,0.0015432098880410194,2.7358977604308166e-05,0.7583732008934021,0.010471545159816742,0.0,0.04106805846095085,0.0015432098880410194,0.8142434358596802
1.0,10.0,True,True,32.0,512.0,256.0,0.02115260437130928,0.0,0.0541895255446434,0.0015432098880410194,0.000345461827237159,0.9457343220710754,0.012824393808841705,0.0,0.05302818864583969,0.0015432098880410194,1.0679982900619507
1.0,10.0,True,True,2.0,128.0,128.0,0.02527642995119095,0.0,0.044679827988147736,0.0015432098880410194,5.772316217189655e-05,1.2510344982147217,0.011167422868311405,0.0,0.0454547256231308,0.0015432098880410194,0.8334018588066101
1.0,10.0,False,False,32.0,512.0,64.0,0.029915256425738335,0.0,0.08460735529661179,0.0015432098880410194,0.00010628241579979658,4.820870876312256,0.0175926573574543,0.0,0.08506296575069427,0.0015432098880410194,1.4682060480117798
1.0,10.0,True,False,4.0,64.0,64.0,0.02537679113447666,0.0,0.05330772325396538,0.0015432098880410194,0.00014406775881070644,2.6674110889434814,0.011673802509903908,0.0,0.05339546129107475,0.0015432098880410194,0.9906135201454163
0.1,0.0001,False,False,16.0,512.0,512.0,0.0070946104824543,0.0015432098880410194,0.04077494889497757,0.002959280274808407,2.918126106262207,0.540739893913269,0.04274691641330719,0.03125,0.15622884035110474,0.03269675746560097,4.847728729248047
10.0,1.0,False,False,16.0,256.0,64.0,0.12989887595176697,0.0012275533517822623,0.09997333586215973,0.0026677364949136972,0.07011426240205765,4.11657190322876,0.031321171671152115,0.0,0.1268729716539383,0.0015432098880410194,4.2611846923828125
1.0,10.0,False,True,64.0,512.0,64.0,0.019638454541563988,0.00031565656536258757,0.04879850894212723,0.0018303696997463703,0.0005458676023408771,0.8767315149307251,0.010426734574139118,0.0,0.048330217599868774,0.0015432098880410194,0.7500598430633545
10.0,1.0,False,True,32.0,512.0,128.0,0.0194407869130373,0.0015432098880410194,0.06594059616327286,0.002959280274808407,0.003123555099591613,1.6010184288024902,0.014432384632527828,0.0,0.06809964776039124,0.0015432098880410194,1.3170949220657349
0.1,0.1,False,True,4.0,128.0,256.0,0.012542624957859516,0.0,0.04431919381022453,0.0015432098880410194,0.0010904462542384863,1.021253228187561,0.011379262432456017,0.0,0.04464154317975044,0.0015432098880410194,1.0678882598876953
10.0,10.0,True,False,32.0,64.0,512.0,0.040957339107990265,0.0009820426348596811,0.07295823097229004,0.0024441464338451624,0.0007451071287505329,1.3113627433776855,0.014023169875144958,0.0,0.0720226913690567,0.0015432098880410194,0.9116597771644592
0.1,10.0,True,False,2.0,512.0,64.0,0.011924654245376587,0.0,0.04358789697289467,0.0015432098880410194,6.02229374635499e-06,1.73582124710083,0.010914233513176441,0.0,0.04501986876130104,0.0015432098880410194,0.9272384643554688
0.1,0.1,False,False,16.0,512.0,128.0,0.012396402657032013,0.0,0.054272815585136414,0.0015432098880410194,0.0005679525202140212,1.4793516397476196,0.01125458162277937,0.0,0.054465752094984055,0.0015432098880410194,0.8148850202560425
10.0,1.0,True,False,32.0,128.0,128.0,0.07257486134767532,0.0015432098880410194,0.10268165171146393,0.002959280274808407,0.03333405777812004,4.201672554016113,0.03393778204917908,0.0,0.13322198390960693,0.0015432098880410194,4.591104030609131
1.0,10.0,True,True,32.0,128.0,256.0,0.024811405688524246,0.0,0.05997534841299057,0.0015432098880410194,0.0004252379003446549,1.4096013307571411,0.013134485110640526,0.0,0.06476239114999771,0.0015432098880410194,0.700370192527771
10.0,0.1,False,False,16.0,256.0,128.0,0.04988633468747139,0.0014730639522895217,0.07678008079528809,0.002895710524171591,0.2970629632472992,2.762869358062744,0.04325772076845169,0.0625,0.15601269900798798,0.06385030597448349,4.920456409454346
1.0,1.0,True,False,32.0,64.0,64.0,0.022114146500825882,0.0011223345063626766,0.08582627028226852,0.002573477802798152,0.0012975193094462156,4.3852925300598145,0.017148636281490326,0.0,0.08521047234535217,0.0015432098880410194,1.8394526243209839
1.0,1.0,False,False,16.0,64.0,128.0,0.026258859783411026,0.0,0.06540977954864502,0.0015432098880410194,0.0015513375401496887,1.9022496938705444,0.013240627944469452,0.0,0.06512920558452606,0.0015432098880410194,1.0121071338653564
1.0,0.0001,True,False,2.0,512.0,512.0,0.009657046757638454,0.0015432098880410194,0.049570221453905106,0.002959280274808407,8.633395195007324,0.5399172902107239,0.1402169167995453,0.3125,0.3284708559513092,0.31307870149612427,20.129789352416992
1.0,0.0001,True,True,16.0,64.0,64.0,0.011463194154202938,0.0015432098880410194,0.04332360252737999,0.002959280274808407,3.482691764831543,1.5281907320022583,0.1192278116941452,0.03125,0.2810426652431488,0.03269675746560097,27.86236572265625
0.1,0.0001,True,True,32.0,64.0,128.0,0.010356548242270947,0.000350729504134506,0.04579039290547371,0.0018566744402050972,3.3699934482574463,1.2808789014816284,0.0967942550778389,0.0,0.24609579145908356,0.0015432098880410194,18.093053817749023
1.0,10.0,False,False,16.0,512.0,256.0,0.02582564763724804,0.0,0.05775821581482887,0.0015432098880410194,0.00012169354886282235,1.4433600902557373,0.012020370922982693,0.0,0.05596662685275078,0.0015432098880410194,1.1368619203567505
0.1,1.0,False,False,2.0,256.0,64.0,0.012112366035580635,0.0,0.04355550557374954,0.0015432098880410194,0.0001250114873982966,2.1860013008117676,0.01070200465619564,0.0,0.04346827045083046,0.0015432098880410194,0.9284508228302002
10.0,0.1,False,True,4.0,512.0,128.0,0.07706331461668015,0.0011574074160307646,0.05125667527318001,0.00260197464376688,0.5766183733940125,0.9783685803413391,0.013648800551891327,0.0625,0.06484801322221756,0.06385030597448349,0.9681636095046997
10.0,0.0001,False,False,64.0,64.0,512.0,0.013757889159023762,0.0015432098880410194,0.06140368804335594,0.002959280274808407,0.60731041431427,1.501963496208191,0.06515245884656906,0.1875,0.1922634243965149,0.18846450746059418,5.4501800537109375
1.0,1.0,True,True,16.0,512.0,64.0,0.023090282455086708,0.0,0.046702250838279724,0.0015432098880410194,2.8670227038674057e-05,0.8315094113349915,0.010729997418820858,0.0,0.04665491729974747,0.0015432098880410194,0.692187488079071
1.0,1.0,True,True,2.0,128.0,256.0,0.02332226000726223,0.0,0.04414261132478714,0.0015432098880410194,0.0005022985860705376,1.3613606691360474,0.011267484165728092,0.0,0.04380486160516739,0.0015432098880410194,1.1329032182693481
10.0,0.1,False,True,16.0,64.0,512.0,0.03767135366797447,0.0014730639522895217,0.06961765140295029,0.0028935184236615896,0.1852661520242691,2.6067144870758057,0.02112741582095623,0.125,0.09578830748796463,0.12615740299224854,2.6045713424682617
1.0,10.0,True,True,2.0,64.0,128.0,0.024395227432250977,0.0,0.04149717837572098,0.0015432098880410194,9.67850792221725e-05,1.8292852640151978,0.010121598839759827,0.0,0.04114772379398346,0.0015432098880410194,0.8585624098777771
1.0,1.0,True,False,16.0,64.0,512.0,0.01605345867574215,0.001402918016538024,0.05585820600390434,0.0028299489058554173,0.0017371001886203885,1.1613110303878784,0.01231685932725668,0.0,0.05502508580684662,0.0015432098880410194,1.229471206665039
0.1,10.0,True,True,64.0,128.0,128.0,0.012954285368323326,0.0,0.05603253096342087,0.0015432098880410194,3.323946293676272e-05,1.3813446760177612,0.010988296940922737,0.0,0.05314238741993904,0.0015432098880410194,0.7326905131340027
0.1,0.0001,True,False,2.0,512.0,128.0,0.010374649427831173,0.0015432098880410194,0.04181896895170212,0.002959280274808407,6.440746307373047,1.2497013807296753,0.15472079813480377,0.1875,0.34263086318969727,0.18846450746059418,29.29222869873047
0.1,1.0,True,False,4.0,128.0,64.0,0.012670747004449368,0.0,0.0486539863049984,0.0015432098880410194,4.819592504645698e-05,1.914199709892273,0.011185006238520145,0.0,0.048714376986026764,0.0015432098880410194,0.8665742874145508
0.1,1.0,False,True,64.0,256.0,512.0,0.013576406985521317,0.0,0.054419271647930145,0.0015432098880410194,0.00022206030553206801,0.947342038154602,0.012245739810168743,0.0,0.05477515980601311,0.0015432098880410194,1.1380364894866943
10.0,10.0,False,False,16.0,256.0,512.0,0.09668291360139847,0.001017115544527769,0.06142439320683479,0.002474835142493248,0.0055628204718232155,1.1191962957382202,0.012406750582158566,0.0,0.06127968803048134,0.0015432098880410194,0.9463359713554382
10.0,0.1,False,True,2.0,512.0,64.0,0.10637269169092178,0.0,0.042029593139886856,0.0015432098880410194,0.00494743837043643,1.1249010562896729,0.010147946886718273,0.0,0.04255205765366554,0.0015432098880410194,0.6676839590072632
0.1,10.0,True,False,16.0,64.0,256.0,0.012771747075021267,0.0,0.05158169940114021,0.0015432098880410194,2.862660403479822e-05,1.2971539497375488,0.011406811885535717,0.0,0.05266456678509712,0.0015432098880410194,0.8111892342567444
0.1,0.0001,False,True,2.0,128.0,512.0,0.010482052341103554,0.0010521885706111789,0.041364800184965134,0.002503331983461976,2.149080276489258,0.8799855709075928,0.022470319643616676,0.1875,0.09579423815011978,0.18846450746059418,1.5277678966522217
10.0,10.0,True,False,64.0,128.0,512.0,0.06680431216955185,0.0015782827977091074,0.08534494787454605,0.002994353184476495,0.0033006356097757816,1.9373412132263184,0.018154587596654892,0.0,0.0886886790394783,0.0015432098880410194,1.4539179801940918
10.0,0.1,True,True,2.0,256.0,64.0,0.040316324681043625,0.0016133558237925172,0.04233391210436821,0.0030294260941445827,0.25150084495544434,1.316693902015686,0.012719479389488697,0.0625,0.05407056212425232,0.06385030597448349,1.314879298210144
10.0,10.0,False,False,4.0,64.0,128.0,0.13250388205051422,0.0,0.05107945576310158,0.0015432098880410194,0.001127852825447917,1.9738917350769043,0.010882160626351833,0.0,0.05070111155509949,0.0015432098880410194,0.9980179667472839
1.0,10.0,True,False,16.0,128.0,512.0,0.024401197209954262,0.0,0.05314652994275093,0.0015432098880410194,8.017478830879554e-05,1.047871708869934,0.011637462303042412,0.0,0.052972156554460526,0.0015432098880410194,1.0759193897247314
10.0,10.0,True,True,4.0,256.0,256.0,0.10156413912773132,0.0,0.04444306716322899,0.0015432098880410194,0.002202112227678299,1.2827978134155273,0.010623051784932613,0.0,0.04383557662367821,0.0015432098880410194,0.9262191653251648
0.1,1.0,True,False,4.0,512.0,128.0,0.012536907568573952,0.0,0.04593267664313316,0.0015432098880410194,4.9791004130383953e-05,1.5055879354476929,0.01130915991961956,0.0,0.04685986042022705,0.0015432098880410194,0.9892988204956055
1.0,10.0,True,True,32.0,512.0,512.0,0.019776837900280952,0.0008768237894400954,0.05400334671139717,0.0023433116730302572,0.0005078220856375992,0.8706533312797546,0.010867440141737461,0.0,0.053112540394067764,0.0015432098880410194,0.836093008518219
10.0,1.0,False,True,32.0,64.0,512.0,0.03580806031823158,0.001402918016538024,0.08347771316766739,0.002834332874044776,0.011990921571850777,2.4714818000793457,0.016715167090296745,0.0,0.08226531744003296,0.0015432098880410194,1.3197903633117676
10.0,0.1,False,True,2.0,64.0,512.0,0.12226633727550507,0.0,0.053794361650943756,0.0015432098880410194,0.01927369274199009,2.647916078567505,0.011672809720039368,0.0,0.05433037132024765,0.0015432098880410194,1.6587800979614258
1.0,10.0,True,False,32.0,512.0,256.0,0.026477592065930367,0.0,0.06972023099660873,0.0015432098880410194,0.0001694064267212525,1.872146725654602,0.01452860701829195,0.0,0.06818236410617828,0.0015432098880410194,1.2376258373260498
0.1,10.0,False,False,32.0,128.0,128.0,0.017327159643173218,0.0,0.06791239976882935,0.0015432098880410194,0.0002199191803811118,2.5136771202087402,0.01320912316441536,0.0,0.06596595048904419,0.0015432098880410194,1.0825068950653076
0.1,0.0001,False,False,2.0,128.0,64.0,0.011663132347166538,0.0,0.04669548198580742,0.0015432098880410194,5.352989673614502,1.4477025270462036,0.16955049335956573,0.0,0.3492962419986725,0.0015432098880410194,41.620296478271484
10.0,0.1,False,True,64.0,256.0,128.0,0.02735413983464241,0.0015432098880410194,0.08564592897891998,0.002959280274808407,0.07798636704683304,1.8450889587402344,0.029878348112106323,0.03125,0.12312788516283035,0.03269675746560097,2.8962020874023438
10.0,1.0,False,True,2.0,128.0,64.0,0.12955397367477417,0.0,0.04579078406095505,0.0015432098880410194,0.0033408193849027157,1.7110036611557007,0.010983231477439404,0.0,0.04654386639595032,0.0015432098880410194,0.7249887585639954
0.1,10.0,False,False,32.0,128.0,512.0,0.0149471340700984,0.0,0.05421113222837448,0.0015432098880410194,0.00018976441060658544,0.9984170198440552,0.012023854069411755,0.0,0.055175941437482834,0.0015432098880410194,1.0422165393829346
10.0,1.0,True,True,2.0,256.0,64.0,0.09569930285215378,0.0,0.04161260649561882,0.0015432098880410194,0.004617872182279825,1.503578782081604,0.009738389402627945,0.0,0.04124351963400841,0.0015432098880410194,0.8395325541496277
0.1,1.0,True,False,4.0,128.0,256.0,0.011983230710029602,0.0,0.043891798704862595,0.0015432098880410194,4.0276961954077706e-05,1.1995152235031128,0.0106090372428298,0.0,0.043062109500169754,0.0015432098880410194,1.001198649406433
1.0,0.0001,False,False,4.0,64.0,512.0,0.013420414179563522,0.00028058362659066916,0.04375603049993515,0.0017974887741729617,2.626035690307617,0.8153776526451111,0.03636321425437927,0.03125,0.1407736986875534,0.03269675746560097,2.1420912742614746
10.0,1.0,True,True,64.0,256.0,128.0,0.01749197021126747,0.0015432098880410194,0.07533115148544312,0.002959280274808407,0.001563683501444757,2.2843689918518066,0.015168266370892525,0.0,0.07455102354288101,0.0015432098880410194,1.5799967050552368
10.0,1.0,True,False,4.0,512.0,256.0,0.03111940622329712,0.0015782827977091074,0.04860353842377663,0.002994353184476495,0.008456471376121044,1.2333754301071167,0.011062980629503727,0.0,0.049790650606155396,0.0015432098880410194,0.9668634533882141
1.0,0.0001,True,True,4.0,512.0,256.0,0.010441526770591736,0.0015432098880410194,0.04241049289703369,0.002959280274808407,3.1951353549957275,0.7100892663002014,0.05335390940308571,0.53125,0.18510322272777557,0.5311535596847534,7.682645320892334
0.1,0.1,False,False,2.0,128.0,128.0,0.011909270659089088,0.0,0.04224647954106331,0.0015432098880410194,0.0004285190661903471,1.2693581581115723,0.010655200108885765,0.0,0.04245029389858246,0.0015432098880410194,0.823614776134491
1.0,10.0,True,True,32.0,64.0,128.0,0.025109238922595978,0.0,0.06736438721418381,0.0015432098880410194,0.00012277548376005143,1.8877497911453247,0.01270264945924282,0.0,0.06582403182983398,0.0015432098880410194,0.659531831741333
0.1,0.0001,False,True,16.0,128.0,128.0,0.00808498915284872,0.0,0.044779662042856216,0.0015432098880410194,3.0939393043518066,0.8801815509796143,0.05139908567070961,0.0,0.16928070783615112,0.0015432098880410194,5.9084696769714355
10.0,10.0,True,False,32.0,512.0,64.0,0.055442217737436295,0.0014379910426214337,0.09682253003120422,0.002860637614503503,0.0015246745897457004,5.861526012420654,0.019378909841179848,0.0,0.0927421823143959,0.0015432098880410194,1.8549448251724243
10.0,10.0,False,False,2.0,64.0,64.0,0.13717477023601532,0.0,0.045851752161979675,0.0015432098880410194,0.0004525843833107501,2.6838717460632324,0.010428965091705322,0.0,0.04557180404663086,0.0015432098880410194,0.8759840130805969
0.1,0.1,False,False,4.0,64.0,64.0,0.012483219616115093,0.0,0.0478004552423954,0.0015432098880410194,0.0016731185605749488,1.7646363973617554,0.010879453271627426,0.0,0.04728776589035988,0.0015432098880410194,0.9820079207420349
10.0,0.1,True,False,4.0,64.0,256.0,0.06359314173460007,0.0015432098880410194,0.04371240735054016,0.002959280274808407,0.5215058922767639,1.3275045156478882,0.014032515697181225,0.03125,0.06610208004713058,0.03269675746560097,1.261190414428711
10.0,1.0,False,True,32.0,512.0,256.0,0.038940053433179855,0.0015432098880410194,0.07188422977924347,0.002959280274808407,0.023832952603697777,1.3312301635742188,0.014833103865385056,0.0,0.07736779749393463,0.0015432098880410194,1.0502737760543823
0.1,0.0001,False,True,64.0,128.0,256.0,0.008718505501747131,0.0008066779118962586,0.04364519566297531,0.002279741922393441,2.725119113922119,0.8276252746582031,0.05485804006457329,0.0,0.17607876658439636,0.0015432098880410194,3.048715353012085
1.0,0.1,True,False,16.0,128.0,64.0,0.02898051030933857,0.0015432098880410194,0.06637220829725266,0.002959280274808407,0.12103298306465149,2.4973037242889404,0.03068806231021881,0.0625,0.12097060680389404,0.06385030597448349,2.1686456203460693
0.1,1.0,True,False,2.0,256.0,512.0,0.011752833612263203,0.0,0.040504805743694305,0.0015432098880410194,3.5583394492277876e-05,0.8529203534126282,0.01050263736397028,0.0,0.04073046147823334,0.0015432098880410194,0.8007924556732178
1.0,1.0,False,False,32.0,512.0,256.0,0.016865309327840805,0.0015782827977091074,0.06861778348684311,0.002994353184476495,0.0017924447311088443,1.5859131813049316,0.013733957894146442,0.0,0.06865295022726059,0.0015432098880410194,0.8686143159866333
1.0,1.0,True,True,64.0,512.0,512.0,0.013936225324869156,0.0015782827977091074,0.058116815984249115,0.002994353184476495,0.001786962617188692,0.8320322632789612,0.011740024201571941,0.0,0.0587041936814785,0.0015432098880410194,0.9156715869903564
1.0,10.0,True,False,2.0,128.0,256.0,0.02353399433195591,0.0,0.042615894228219986,0.0015432098880410194,3.76402931578923e-05,1.235306739807129,0.010847674682736397,0.0,0.04256618022918701,0.0015432098880410194,0.9291800856590271
10.0,1.0,False,False,32.0,64.0,128.0,0.09908851981163025,0.0014379910426214337,0.09143473207950592,0.002865021815523505,0.05413176491856575,3.322939157485962,0.028883012011647224,0.0,0.12391727417707443,0.0015432098880410194,3.7159507274627686
0.1,0.0001,False,False,2.0,64.0,128.0,0.01193139050155878,0.0,0.04243027791380882,0.0015432098880410194,4.014986515045166,1.4272068738937378,0.04214491322636604,0.0,0.161274254322052,0.0015432098880410194,4.268436431884766
10.0,0.0001,True,False,4.0,256.0,512.0,0.012360326014459133,0.0015432098880410194,0.04787450283765793,0.002959280274808407,11.035470962524414,0.8536755442619324,0.2189929038286209,0.125,0.4194428622722626,0.12615740299224854,53.410301208496094
0.1,0.0001,True,False,64.0,64.0,64.0,0.00987187959253788,0.0,0.05051766335964203,0.0015432098880410194,4.153891563415527,2.146747350692749,0.3458598852157593,0.0,0.4659358263015747,0.0015432098880410194,40.905174255371094
0.1,0.1,False,False,16.0,512.0,64.0,0.013750447891652584,0.0,0.05946948379278183,0.0015432098880410194,0.0014443250838667154,2.2398574352264404,0.012390079908072948,0.0,0.06165125221014023,0.0015432098880410194,1.136106014251709
0.1,10.0,False,True,32.0,512.0,128.0,0.011623493395745754,0.0,0.04704897478222847,0.0015432098880410194,2.8403024771250784e-05,0.7801207900047302,0.010167199186980724,0.0,0.047831274569034576,0.0015432098880410194,0.7680830955505371
1.0,0.0001,False,True,2.0,256.0,64.0,0.011146227829158306,0.0015432098880410194,0.04553067684173584,0.002959280274808407,3.1931965351104736,0.9510254859924316,0.06925122439861298,0.53125,0.21128731966018677,0.5311535596847534,7.944597244262695
1.0,10.0,True,False,2.0,256.0,64.0,0.023634232580661774,0.0,0.04511108994483948,0.0015432098880410194,5.757320104748942e-05,3.0500333309173584,0.010533527471125126,0.0,0.04422736167907715,0.0015432098880410194,0.9844269752502441
10.0,0.0001,False,False,64.0,256.0,256.0,0.012694258242845535,0.0015432098880410194,0.05685736611485481,0.002959280274808407,2.4466981887817383,1.799854040145874,0.16121838986873627,0.0625,0.3166636526584625,0.06385030597448349,29.402603149414062
1.0,0.0001,True,False,64.0,256.0,64.0,0.010283438488841057,0.0015432098880410194,0.04393596947193146,0.002959280274808407,4.895327568054199,2.4828219413757324,0.44375625252723694,0.75,0.528267502784729,0.7492284178733826,65.31446075439453
1.0,1.0,True,True,2.0,512.0,128.0,0.02620549499988556,0.0,0.043207019567489624,0.0015432098880410194,0.0007973068859428167,1.0107909440994263,0.010690358467400074,0.0,0.04331568256020546,0.0015432098880410194,1.0969423055648804
1.0,10.0,True,False,16.0,128.0,128.0,0.026759224012494087,0.0,0.0650237575173378,0.0015432098880410194,0.00010857607412617654,2.1941490173339844,0.013474064879119396,0.0,0.06379314512014389,0.0015432098880410194,1.363905429840088
1.0,1.0,False,True,16.0,512.0,512.0,0.015341386198997498,0.00014029181329533458,0.05066082254052162,0.001674733473919332,0.0013730870559811592,0.6170225143432617,0.010846547782421112,0.0,0.04959484934806824,0.0015432098880410194,0.6909335255622864
0.1,0.0001,True,True,16.0,64.0,64.0,0.010325712151825428,0.0015432098880410194,0.04224338382482529,0.002959280274808407,3.5363929271698,1.4355547428131104,0.09027928113937378,0.0,0.24117064476013184,0.0015432098880410194,19.526208877563477
0.1,1.0,False,False,4.0,512.0,256.0,0.011536847800016403,0.0,0.043222520500421524,0.0015432098880410194,3.524342173477635e-05,0.9360953569412231,0.01049820613116026,0.0,0.0432899035513401,0.0015432098880410194,0.8122697472572327
1.0,0.0001,True,True,2.0,64.0,512.0,0.01109712477773428,0.0015432098880410194,0.043194081634283066,0.002959280274808407,4.350499629974365,1.437819480895996,0.07806935161352158,0.46875,0.22974948585033417,0.4688464403152466,9.755810737609863
1.0,10.0,True,True,64.0,256.0,64.0,0.02342824824154377,0.0,0.05760831758379936,0.0015432098880410194,3.235923941247165e-05,1.495613932609558,0.012246079742908478,0.0,0.05911184847354889,0.0015432098880410194,1.1433062553405762
0.1,0.0001,False,True,64.0,256.0,256.0,0.007612928282469511,0.0015432098880410194,0.04337460920214653,0.002959280274808407,2.8725740909576416,0.6725691556930542,0.05856461822986603,0.0,0.18388070166110992,0.0015432098880410194,2.742769718170166
0.1,0.1,False,True,4.0,64.0,256.0,0.01253483071923256,0.0,0.044012345373630524,0.0015432098880410194,0.0020366390235722065,1.371767282485962,0.011085313744843006,0.0,0.04397185146808624,0.0015432098880410194,1.032311201095581
1.0,0.0001,True,False,16.0,256.0,64.0,0.009531584568321705,0.0015432098880410194,0.048256855458021164,0.002959280274808407,5.7093377113342285,1.8054206371307373,0.30950722098350525,0.3125,0.44508931040763855,0.31307870149612427,80.96232604980469
10.0,0.0001,False,False,2.0,64.0,256.0,0.033170055598020554,0.0,0.04757162556052208,0.0015432098880410194,2.5469465255737305,1.3491733074188232,0.12154380977153778,0.03125,0.29120007157325745,0.03269675746560097,18.31463050842285
10.0,0.0001,False,False,32.0,64.0,64.0,0.01851886510848999,0.0014379910426214337,0.05763671547174454,0.002860637614503503,1.6677970886230469,4.156327724456787,0.2230733335018158,0.375,0.3768750727176666,0.3753857910633087,52.8413200378418
1.0,0.1,True,False,4.0,512.0,512.0,0.013718826696276665,0.0015432098880410194,0.04670596495270729,0.002959280274808407,0.008467505685985088,1.0200022459030151,0.012414669618010521,0.0,0.04628922790288925,0.0015432098880410194,1.1533597707748413
10.0,10.0,True,False,2.0,64.0,512.0,0.13098746538162231,0.0,0.0415194034576416,0.0015432098880410194,0.0002922955609392375,1.0841432809829712,0.010489733889698982,0.0,0.041743043810129166,0.0015432098880410194,0.9738394021987915
0.1,1.0,True,False,2.0,128.0,512.0,0.011905726976692677,0.0,0.041179168969392776,0.0015432098880410194,1.8577362425276078e-05,0.9009409546852112,0.010722937062382698,0.0,0.04151291027665138,0.0015432098880410194,0.9022762179374695
1.0,10.0,False,True,2.0,128.0,512.0,0.02440120093524456,0.0,0.04833975434303284,0.0015432098880410194,7.507093687308952e-05,1.0430976152420044,0.011472012847661972,0.0,0.04754466563463211,0.0015432098880410194,0.7261641621589661
1.0,0.0001,True,False,64.0,512.0,512.0,0.005667858757078648,0.0015432098880410194,0.04179650917649269,0.002959280274808407,3.6541576385498047,0.5484375357627869,0.12780573964118958,0.0625,0.27858078479766846,0.06385030597448349,17.4831600189209
